,SID,test_type/trial,target_value,user_input,time,start_time
0,102,Night Training/1,21234,2,1690860243188,1690860239719
1,102,Night Training/1,21234,1,1690860243590,1690860239719
2,102,Night Training/1,21234,2,1690860244232,1690860239719
3,102,Night Training/1,21234,3,1690860244720,1690860239719
4,102,Night Training/1,21234,4,1690860245216,1690860239719
5,102,Night Training/1,21234,2,1690860247315,1690860239719
6,102,Night Training/1,21234,1,1690860248049,1690860239719
7,102,Night Training/1,21234,2,1690860248690,1690860239719
8,102,Night Training/1,21234,3,1690860249149,1690860239719
9,102,Night Training/1,21234,4,1690860249639,1690860239719
10,102,Night Training/1,21234,2,1690860250656,1690860239719
11,102,Night Training/1,21234,1,1690860251264,1690860239719
12,102,Night Training/1,21234,2,1690860252314,1690860239719
13,102,Night Training/1,21234,3,1690860252822,1690860239719
14,102,Night Training/1,21234,4,1690860253248,1690860239719
15,102,Night Training/1,21234,2,1690860253930,1690860239719
16,102,Night Training/1,21234,1,1690860254366,1690860239719
17,102,Night Training/1,21234,2,1690860255063,1690860239719
18,102,Night Training/1,21234,3,1690860255497,1690860239719
19,102,Night Training/1,21234,4,1690860255962,1690860239719
20,102,Night Training/1,21234,2,1690860256672,1690860239719
21,102,Night Training/1,21234,1,1690860257113,1690860239719
22,102,Night Training/1,21234,2,1690860257656,1690860239719
23,102,Night Training/1,21234,3,1690860258647,1690860239719
24,102,Night Training/1,21234,4,1690860258997,1690860239719
25,102,Night Training/1,21234,2,1690860259622,1690860239719
26,102,Night Training/1,21234,1,1690860260145,1690860239719
27,102,Night Training/1,21234,2,1690860260614,1690860239719
28,102,Night Training/1,21234,3,1690860261071,1690860239719
29,102,Night Training/1,21234,4,1690860261506,1690860239719
30,102,Night Training/1,21234,2,1690860262454,1690860239719
31,102,Night Training/1,21234,1,1690860263404,1690860239719
32,102,Night Training/1,21234,2,1690860265531,1690860239719
33,102,Night Training/1,21234,3,1690860266097,1690860239719
34,102,Night Training/1,21234,4,1690860266897,1690860239719
35,102,Night Training/1,21234,2,1690860268172,1690860239719
36,102,Night Training/1,21234,1,1690860268747,1690860239719
37,102,Night Training/1,21234,2,1690860269289,1690860239719
38,102,Night Training/1,21234,3,1690860269680,1690860239719
39,102,Night Training/2,21234,2,1690860301587,1690860299225
40,102,Night Training/2,21234,1,1690860302003,1690860299225
41,102,Night Training/2,21234,2,1690860302411,1690860299225
42,102,Night Training/2,21234,3,1690860302829,1690860299225
43,102,Night Training/2,21234,4,1690860303154,1690860299225
44,102,Night Training/2,21234,2,1690860304535,1690860299225
45,102,Night Training/2,21234,1,1690860304929,1690860299225
46,102,Night Training/2,21234,2,1690860305321,1690860299225
47,102,Night Training/2,21234,3,1690860305670,1690860299225
48,102,Night Training/2,21234,4,1690860306061,1690860299225
49,102,Night Training/2,21234,2,1690860306612,1690860299225
50,102,Night Training/2,21234,1,1690860307311,1690860299225
51,102,Night Training/2,21234,2,1690860308378,1690860299225
52,102,Night Training/2,21234,3,1690860308729,1690860299225
53,102,Night Training/2,21234,4,1690860309077,1690860299225
54,102,Night Training/2,21234,2,1690860309903,1690860299225
55,102,Night Training/2,21234,1,1690860310336,1690860299225
56,102,Night Training/2,21234,2,1690860310761,1690860299225
57,102,Night Training/2,21234,3,1690860311203,1690860299225
58,102,Night Training/2,21234,4,1690860311670,1690860299225
59,102,Night Training/2,21234,2,1690860313113,1690860299225
60,102,Night Training/2,21234,1,1690860313870,1690860299225
61,102,Night Training/2,21234,2,1690860314519,1690860299225
62,102,Night Training/2,21234,3,1690860315145,1690860299225
63,102,Night Training/2,21234,4,1690860315576,1690860299225
64,102,Night Training/2,21234,2,1690860316218,1690860299225
65,102,Night Training/2,21234,1,1690860316652,1690860299225
66,102,Night Training/2,21234,2,1690860316995,1690860299225
67,102,Night Training/2,21234,4,1690860318212,1690860299225
68,102,Night Training/2,21234,2,1690860319027,1690860299225
69,102,Night Training/2,21234,1,1690860319411,1690860299225
70,102,Night Training/2,21234,2,1690860319778,1690860299225
71,102,Night Training/2,21234,3,1690860320152,1690860299225
72,102,Night Training/2,21234,4,1690860320560,1690860299225
73,102,Night Training/2,21234,2,1690860321086,1690860299225
74,102,Night Training/2,21234,1,1690860321512,1690860299225
75,102,Night Training/2,21234,3,1690860323010,1690860299225
76,102,Night Training/2,21234,4,1690860323361,1690860299225
77,102,Night Training/2,21234,2,1690860323894,1690860299225
78,102,Night Training/2,21234,1,1690860324329,1690860299225
79,102,Night Training/2,21234,2,1690860325170,1690860299225
80,102,Night Training/2,21234,3,1690860325652,1690860299225
81,102,Night Training/2,21234,4,1690860326062,1690860299225
82,102,Night Training/2,21234,2,1690860326578,1690860299225
83,102,Night Training/2,21234,1,1690860326945,1690860299225
84,102,Night Training/2,21234,2,1690860327444,1690860299225
85,102,Night Training/2,21234,3,1690860327985,1690860299225
86,102,Night Training/2,21234,4,1690860328353,1690860299225
87,102,Night Training/2,21234,2,1690860328919,1690860299225
88,102,Night Training/3,21234,1,1690860362167,1690860358756
89,102,Night Training/3,21234,2,1690860362793,1690860358756
90,102,Night Training/3,21234,3,1690860363184,1690860358756
91,102,Night Training/3,21234,4,1690860363532,1690860358756
92,102,Night Training/3,21234,2,1690860363757,1690860358756
93,102,Night Training/3,21234,1,1690860364433,1690860358756
94,102,Night Training/3,21234,2,1690860364909,1690860358756
95,102,Night Training/3,21234,3,1690860365266,1690860358756
96,102,Night Training/3,21234,4,1690860365584,1690860358756
97,102,Night Training/3,21234,2,1690860366166,1690860358756
98,102,Night Training/3,21234,1,1690860366533,1690860358756
99,102,Night Training/3,21234,2,1690860366941,1690860358756
100,102,Night Training/3,21234,3,1690860367266,1690860358756
101,102,Night Training/3,21234,4,1690860367693,1690860358756
102,102,Night Training/3,21234,2,1690860368200,1690860358756
103,102,Night Training/3,21234,1,1690860368560,1690860358756
104,102,Night Training/3,21234,2,1690860368976,1690860358756
105,102,Night Training/3,21234,3,1690860369443,1690860358756
106,102,Night Training/3,21234,4,1690860369801,1690860358756
107,102,Night Training/3,21234,2,1690860370977,1690860358756
108,102,Night Training/3,21234,1,1690860371383,1690860358756
109,102,Night Training/3,21234,2,1690860371716,1690860358756
110,102,Night Training/3,21234,3,1690860372075,1690860358756
111,102,Night Training/3,21234,4,1690860372441,1690860358756
112,102,Night Training/3,21234,2,1690860373108,1690860358756
113,102,Night Training/3,21234,1,1690860373434,1690860358756
114,102,Night Training/3,21234,2,1690860373776,1690860358756
115,102,Night Training/3,21234,3,1690860374149,1690860358756
116,102,Night Training/3,21234,4,1690860374526,1690860358756
117,102,Night Training/3,21234,2,1690860375258,1690860358756
118,102,Night Training/3,21234,1,1690860375609,1690860358756
119,102,Night Training/3,21234,2,1690860375907,1690860358756
120,102,Night Training/3,21234,3,1690860376268,1690860358756
121,102,Night Training/3,21234,4,1690860376565,1690860358756
122,102,Night Training/3,21234,2,1690860377565,1690860358756
123,102,Night Training/3,21234,1,1690860378001,1690860358756
124,102,Night Training/3,21234,2,1690860378284,1690860358756
125,102,Night Training/3,21234,3,1690860378623,1690860358756
126,102,Night Training/3,21234,4,1690860379033,1690860358756
127,102,Night Training/3,21234,2,1690860379733,1690860358756
128,102,Night Training/3,21234,1,1690860380093,1690860358756
129,102,Night Training/3,21234,2,1690860380382,1690860358756
130,102,Night Training/3,21234,3,1690860380699,1690860358756
131,102,Night Training/3,21234,4,1690860381065,1690860358756
132,102,Night Training/3,21234,2,1690860381824,1690860358756
133,102,Night Training/3,21234,1,1690860382150,1690860358756
134,102,Night Training/3,21234,2,1690860382492,1690860358756
135,102,Night Training/3,21234,3,1690860382857,1690860358756
136,102,Night Training/3,21234,4,1690860383267,1690860358756
137,102,Night Training/3,21234,2,1690860384041,1690860358756
138,102,Night Training/3,21234,1,1690860384433,1690860358756
139,102,Night Training/3,21234,2,1690860384791,1690860358756
140,102,Night Training/3,21234,3,1690860385142,1690860358756
141,102,Night Training/3,21234,2,1690860386266,1690860358756
142,102,Night Training/3,21234,1,1690860386617,1690860358756
143,102,Night Training/3,21234,2,1690860386957,1690860358756
144,102,Night Training/3,21234,3,1690860387466,1690860358756
145,102,Night Training/4,21234,2,1690860421006,1690860418286
146,102,Night Training/4,21234,1,1690860421348,1690860418286
147,102,Night Training/4,21234,2,1690860421681,1690860418286
148,102,Night Training/4,21234,3,1690860422048,1690860418286
149,102,Night Training/4,21234,3,1690860422973,1690860418286
150,102,Night Training/4,21234,1,1690860423341,1690860418286
151,102,Night Training/4,21234,2,1690860423739,1690860418286
152,102,Night Training/4,21234,3,1690860424089,1690860418286
153,102,Night Training/4,21234,4,1690860424447,1690860418286
154,102,Night Training/4,21234,2,1690860424962,1690860418286
155,102,Night Training/4,21234,2,1690860425602,1690860418286
156,102,Night Training/4,21234,2,1690860427046,1690860418286
157,102,Night Training/4,21234,1,1690860427439,1690860418286
158,102,Night Training/4,21234,2,1690860427772,1690860418286
159,102,Night Training/4,21234,3,1690860428091,1690860418286
160,102,Night Training/4,21234,4,1690860428423,1690860418286
161,102,Night Training/4,21234,2,1690860428972,1690860418286
162,102,Night Training/4,21234,1,1690860429297,1690860418286
163,102,Night Training/4,21234,2,1690860429639,1690860418286
164,102,Night Training/4,21234,3,1690860429989,1690860418286
165,102,Night Training/4,21234,4,1690860430331,1690860418286
166,102,Night Training/4,21234,2,1690860430957,1690860418286
167,102,Night Training/4,21234,1,1690860431273,1690860418286
168,102,Night Training/4,21234,2,1690860431565,1690860418286
169,102,Night Training/4,21234,3,1690860431930,1690860418286
170,102,Night Training/4,21234,4,1690860432316,1690860418286
171,102,Night Training/4,21234,2,1690860432856,1690860418286
172,102,Night Training/4,21234,2,1690860433464,1690860418286
173,102,Night Training/4,21234,3,1690860433855,1690860418286
174,102,Night Training/4,21234,4,1690860434180,1690860418286
175,102,Night Training/4,21234,2,1690860434690,1690860418286
176,102,Night Training/4,21234,1,1690860435038,1690860418286
177,102,Night Training/4,21234,2,1690860435295,1690860418286
178,102,Night Training/4,21234,3,1690860435613,1690860418286
179,102,Night Training/4,21234,4,1690860435972,1690860418286
180,102,Night Training/4,21234,2,1690860437130,1690860418286
181,102,Night Training/4,21234,1,1690860437490,1690860418286
182,102,Night Training/4,21234,2,1690860437772,1690860418286
183,102,Night Training/4,21234,3,1690860438104,1690860418286
184,102,Night Training/4,21234,4,1690860438429,1690860418286
185,102,Night Training/4,21234,2,1690860439022,1690860418286
186,102,Night Training/4,21234,1,1690860439371,1690860418286
187,102,Night Training/4,21234,2,1690860439687,1690860418286
188,102,Night Training/4,21234,3,1690860440421,1690860418286
189,102,Night Training/4,21234,4,1690860440856,1690860418286
190,102,Night Training/4,21234,2,1690860441546,1690860418286
191,102,Night Training/4,21234,1,1690860441921,1690860418286
192,102,Night Training/4,21234,2,1690860442238,1690860418286
193,102,Night Training/4,21234,3,1690860442572,1690860418286
194,102,Night Training/4,21234,4,1690860442938,1690860418286
195,102,Night Training/4,21234,2,1690860443463,1690860418286
196,102,Night Training/4,21234,1,1690860443780,1690860418286
197,102,Night Training/4,21234,2,1690860444112,1690860418286
198,102,Night Training/4,21234,3,1690860444546,1690860418286
199,102,Night Training/4,21234,4,1690860444889,1690860418286
200,102,Night Training/4,21234,2,1690860445455,1690860418286
201,102,Night Training/4,21234,1,1690860445898,1690860418286
202,102,Night Training/4,21234,2,1690860446288,1690860418286
203,102,Night Training/4,21234,3,1690860446670,1690860418286
204,102,Night Training/4,21234,4,1690860447338,1690860418286
205,102,Night Training/4,21234,2,1690860447939,1690860418286
206,102,Night Training/5,21234,2,1690860479762,1690860477851
207,102,Night Training/5,21234,2,1690860480629,1690860477851
208,102,Night Training/5,21234,3,1690860481045,1690860477851
209,102,Night Training/5,21234,4,1690860481346,1690860477851
210,102,Night Training/5,21234,2,1690860481863,1690860477851
211,102,Night Training/5,21234,2,1690860482738,1690860477851
212,102,Night Training/5,21234,3,1690860483255,1690860477851
213,102,Night Training/5,21234,4,1690860483553,1690860477851
214,102,Night Training/5,21234,2,1690860484102,1690860477851
215,102,Night Training/5,21234,1,1690860484504,1690860477851
216,102,Night Training/5,21234,2,1690860485013,1690860477851
217,102,Night Training/5,21234,3,1690860485379,1690860477851
218,102,Night Training/5,21234,4,1690860485706,1690860477851
219,102,Night Training/5,21234,2,1690860486196,1690860477851
220,102,Night Training/5,21234,2,1690860486995,1690860477851
221,102,Night Training/5,21234,4,1690860487786,1690860477851
222,102,Night Training/5,21234,2,1690860488246,1690860477851
223,102,Night Training/5,21234,1,1690860488587,1690860477851
224,102,Night Training/5,21234,2,1690860489070,1690860477851
225,102,Night Training/5,21234,4,1690860489938,1690860477851
226,102,Night Training/5,21234,1,1690860490813,1690860477851
227,102,Night Training/5,21234,2,1690860491252,1690860477851
228,102,Night Training/5,21234,4,1690860492170,1690860477851
229,102,Night Training/5,21234,2,1690860492878,1690860477851
230,102,Night Training/5,21234,1,1690860493296,1690860477851
231,102,Night Training/5,21234,2,1690860493704,1690860477851
232,102,Night Training/5,21234,3,1690860494095,1690860477851
233,102,Night Training/5,21234,4,1690860494470,1690860477851
234,102,Night Training/5,21234,2,1690860494969,1690860477851
235,102,Night Training/5,21234,1,1690860495387,1690860477851
236,102,Night Training/5,21234,2,1690860495795,1690860477851
237,102,Night Training/5,21234,3,1690860496195,1690860477851
238,102,Night Training/5,21234,4,1690860496510,1690860477851
239,102,Night Training/5,21234,2,1690860497136,1690860477851
240,102,Night Training/5,21234,2,1690860498192,1690860477851
241,102,Night Training/5,21234,4,1690860499194,1690860477851
242,102,Night Training/5,21234,2,1690860499786,1690860477851
243,102,Night Training/5,21234,1,1690860500194,1690860477851
244,102,Night Training/5,21234,2,1690860500644,1690860477851
245,102,Night Training/5,21234,3,1690860501078,1690860477851
246,102,Night Training/5,21234,4,1690860501385,1690860477851
247,102,Night Training/5,21234,2,1690860501844,1690860477851
248,102,Night Training/5,21234,1,1690860502142,1690860477851
249,102,Night Training/5,21234,2,1690860502593,1690860477851
250,102,Night Training/5,21234,3,1690860503127,1690860477851
251,102,Night Training/5,21234,4,1690860503402,1690860477851
252,102,Night Training/5,21234,2,1690860503885,1690860477851
253,102,Night Training/5,21234,1,1690860504384,1690860477851
254,102,Night Training/5,21234,1,1690860504784,1690860477851
255,102,Night Training/5,21234,2,1690860505287,1690860477851
256,102,Night Training/5,21234,3,1690860505752,1690860477851
257,102,Night Training/5,21234,4,1690860506154,1690860477851
258,102,Night Training/5,21234,2,1690860506669,1690860477851
259,102,Night Training/5,21234,1,1690860507194,1690860477851
260,102,Night Training/6,21234,2,1690860539810,1690860537398
261,102,Night Training/6,21234,1,1690860540127,1690860537398
262,102,Night Training/6,21234,2,1690860540451,1690860537398
263,102,Night Training/6,21234,3,1690860540793,1690860537398
264,102,Night Training/6,21234,4,1690860541059,1690860537398
265,102,Night Training/6,21234,2,1690860541393,1690860537398
266,102,Night Training/6,21234,2,1690860542150,1690860537398
267,102,Night Training/6,21234,3,1690860542591,1690860537398
268,102,Night Training/6,21234,4,1690860542816,1690860537398
269,102,Night Training/6,21234,2,1690860543084,1690860537398
270,102,Night Training/6,21234,1,1690860543450,1690860537398
271,102,Night Training/6,21234,2,1690860543786,1690860537398
272,102,Night Training/6,21234,3,1690860544185,1690860537398
273,102,Night Training/6,21234,4,1690860544500,1690860537398
274,102,Night Training/6,21234,1,1690860545202,1690860537398
275,102,Night Training/6,21234,4,1690860546325,1690860537398
276,102,Night Training/6,21234,2,1690860546660,1690860537398
277,102,Night Training/6,21234,1,1690860547001,1690860537398
278,102,Night Training/6,21234,2,1690860547333,1690860537398
279,102,Night Training/6,21234,3,1690860547667,1690860537398
280,102,Night Training/6,21234,4,1690860547958,1690860537398
281,102,Night Training/6,21234,2,1690860548300,1690860537398
282,102,Night Training/6,21234,1,1690860548716,1690860537398
283,102,Night Training/6,21234,2,1690860549058,1690860537398
284,102,Night Training/6,21234,3,1690860549470,1690860537398
285,102,Night Training/6,21234,4,1690860549750,1690860537398
286,102,Night Training/6,21234,1,1690860550483,1690860537398
287,102,Night Training/6,21234,2,1690860550923,1690860537398
288,102,Night Training/6,21234,4,1690860551616,1690860537398
289,102,Night Training/6,21234,2,1690860552000,1690860537398
290,102,Night Training/6,21234,1,1690860552317,1690860537398
291,102,Night Training/6,21234,2,1690860552901,1690860537398
292,102,Night Training/6,21234,4,1690860553576,1690860537398
293,102,Night Training/6,21234,2,1690860553918,1690860537398
294,102,Night Training/6,21234,1,1690860554334,1690860537398
295,102,Night Training/6,21234,2,1690860554634,1690860537398
296,102,Night Training/6,21234,4,1690860555310,1690860537398
297,102,Night Training/6,21234,2,1690860555683,1690860537398
298,102,Night Training/6,21234,1,1690860556073,1690860537398
299,102,Night Training/6,21234,2,1690860556375,1690860537398
300,102,Night Training/6,21234,3,1690860556843,1690860537398
301,102,Night Training/6,21234,4,1690860557176,1690860537398
302,102,Night Training/6,21234,2,1690860557591,1690860537398
303,102,Night Training/6,21234,3,1690860559133,1690860537398
304,102,Night Training/6,21234,4,1690860559499,1690860537398
305,102,Night Training/6,21234,2,1690860560308,1690860537398
306,102,Night Training/6,21234,1,1690860560658,1690860537398
307,102,Night Training/6,21234,2,1690860560983,1690860537398
308,102,Night Training/6,21234,3,1690860561308,1690860537398
309,102,Night Training/6,21234,4,1690860561641,1690860537398
310,102,Night Training/6,21234,2,1690860562008,1690860537398
311,102,Night Training/6,21234,1,1690860562317,1690860537398
312,102,Night Training/6,21234,2,1690860562667,1690860537398
313,102,Night Training/6,21234,3,1690860563034,1690860537398
314,102,Night Training/6,21234,4,1690860563324,1690860537398
315,102,Night Training/6,21234,2,1690860563692,1690860537398
316,102,Night Training/6,21234,1,1690860564034,1690860537398
317,102,Night Training/6,21234,3,1690860565141,1690860537398
318,102,Night Training/6,21234,4,1690860565367,1690860537398
319,102,Night Training/6,21234,2,1690860566342,1690860537398
320,102,Night Training/6,21234,1,1690860566634,1690860537398
321,102,Night Training/6,21234,2,1690860566983,1690860537398
322,102,Night Training/6,21234,3,1690860567324,1690860537398
323,102,Night Training/7,21234,2,1690860598356,1690860596945
324,102,Night Training/7,21234,1,1690860598666,1690860596945
325,102,Night Training/7,21234,2,1690860598991,1690860596945
326,102,Night Training/7,21234,3,1690860599331,1690860596945
327,102,Night Training/7,21234,4,1690860599641,1690860596945
328,102,Night Training/7,21234,2,1690860600031,1690860596945
329,102,Night Training/7,21234,1,1690860600356,1690860596945
330,102,Night Training/7,21234,2,1690860600699,1690860596945
331,102,Night Training/7,21234,3,1690860601072,1690860596945
332,102,Night Training/7,21234,4,1690860601414,1690860596945
333,102,Night Training/7,21234,2,1690860601914,1690860596945
334,102,Night Training/7,21234,1,1690860602224,1690860596945
335,102,Night Training/7,21234,2,1690860602548,1690860596945
336,102,Night Training/7,21234,3,1690860602906,1690860596945
337,102,Night Training/7,21234,4,1690860603240,1690860596945
338,102,Night Training/7,21234,2,1690860603990,1690860596945
339,102,Night Training/7,21234,1,1690860604307,1690860596945
340,102,Night Training/7,21234,2,1690860604614,1690860596945
341,102,Night Training/7,21234,3,1690860604938,1690860596945
342,102,Night Training/7,21234,4,1690860605256,1690860596945
343,102,Night Training/7,21234,2,1690860606032,1690860596945
344,102,Night Training/7,21234,1,1690860606272,1690860596945
345,102,Night Training/7,21234,2,1690860606689,1690860596945
346,102,Night Training/7,21234,3,1690860606999,1690860596945
347,102,Night Training/7,21234,4,1690860607349,1690860596945
348,102,Night Training/7,21234,2,1690860607789,1690860596945
349,102,Night Training/7,21234,1,1690860608049,1690860596945
350,102,Night Training/7,21234,2,1690860608330,1690860596945
351,102,Night Training/7,21234,3,1690860608649,1690860596945
352,102,Night Training/7,21234,1,1690860609514,1690860596945
353,102,Night Training/7,21234,2,1690860610330,1690860596945
354,102,Night Training/7,21234,1,1690860611122,1690860596945
355,102,Night Training/7,21234,2,1690860611431,1690860596945
356,102,Night Training/7,21234,3,1690860611737,1690860596945
357,102,Night Training/7,21234,4,1690860611980,1690860596945
358,102,Night Training/7,21234,2,1690860612480,1690860596945
359,102,Night Training/7,21234,1,1690860612829,1690860596945
360,102,Night Training/7,21234,2,1690860613113,1690860596945
361,102,Night Training/7,21234,3,1690860613397,1690860596945
362,102,Night Training/7,21234,4,1690860613646,1690860596945
363,102,Night Training/7,21234,2,1690860614172,1690860596945
364,102,Night Training/7,21234,1,1690860614429,1690860596945
365,102,Night Training/7,21234,2,1690860614712,1690860596945
366,102,Night Training/7,21234,2,1690860616497,1690860596945
367,102,Night Training/7,21234,1,1690860616713,1690860596945
368,102,Night Training/7,21234,2,1690860617006,1690860596945
369,102,Night Training/7,21234,3,1690860617364,1690860596945
370,102,Night Training/7,21234,2,1690860618988,1690860596945
371,102,Night Training/7,21234,1,1690860619196,1690860596945
372,102,Night Training/7,21234,2,1690860619405,1690860596945
373,102,Night Training/7,21234,3,1690860619721,1690860596945
374,102,Night Training/7,21234,4,1690860619905,1690860596945
375,102,Night Training/7,21234,2,1690860620713,1690860596945
376,102,Night Training/7,21234,2,1690860621463,1690860596945
377,102,Night Training/7,21234,3,1690860621822,1690860596945
378,102,Night Training/7,21234,2,1690860622945,1690860596945
379,102,Night Training/7,21234,1,1690860623222,1690860596945
380,102,Night Training/7,21234,2,1690860623646,1690860596945
381,102,Night Training/7,21234,3,1690860624004,1690860596945
382,102,Night Training/7,21234,2,1690860624878,1690860596945
383,102,Night Training/7,21234,3,1690860625831,1690860596945
384,102,Night Training/7,21234,4,1690860626188,1690860596945
385,102,Night Training/7,21234,1,1690860626856,1690860596945
386,102,Night Training/8,21234,2,1690860658587,1690860656475
387,102,Night Training/8,21234,1,1690860658860,1690860656475
388,102,Night Training/8,21234,2,1690860659187,1690860656475
389,102,Night Training/8,21234,3,1690860659504,1690860656475
390,102,Night Training/8,21234,4,1690860659778,1690860656475
391,102,Night Training/8,21234,2,1690860660779,1690860656475
392,102,Night Training/8,21234,3,1690860661146,1690860656475
393,102,Night Training/8,21234,4,1690860661445,1690860656475
394,102,Night Training/8,21234,2,1690860661878,1690860656475
395,102,Night Training/8,21234,1,1690860662160,1690860656475
396,102,Night Training/8,21234,2,1690860662468,1690860656475
397,102,Night Training/8,21234,3,1690860662795,1690860656475
398,102,Night Training/8,21234,4,1690860663110,1690860656475
399,102,Night Training/8,21234,2,1690860663646,1690860656475
400,102,Night Training/8,21234,1,1690860663936,1690860656475
401,102,Night Training/8,21234,2,1690860664212,1690860656475
402,102,Night Training/8,21234,3,1690860664570,1690860656475
403,102,Night Training/8,21234,4,1690860664845,1690860656475
404,102,Night Training/8,21234,2,1690860665537,1690860656475
405,102,Night Training/8,21234,1,1690860665793,1690860656475
406,102,Night Training/8,21234,2,1690860666193,1690860656475
407,102,Night Training/8,21234,3,1690860666477,1690860656475
408,102,Night Training/8,21234,4,1690860666878,1690860656475
409,102,Night Training/8,21234,2,1690860667453,1690860656475
410,102,Night Training/8,21234,1,1690860667739,1690860656475
411,102,Night Training/8,21234,2,1690860668194,1690860656475
412,102,Night Training/8,21234,3,1690860668561,1690860656475
413,102,Night Training/8,21234,2,1690860670236,1690860656475
414,102,Night Training/8,21234,1,1690860670536,1690860656475
415,102,Night Training/8,21234,2,1690860670811,1690860656475
416,102,Night Training/8,21234,3,1690860671193,1690860656475
417,102,Night Training/8,21234,4,1690860671679,1690860656475
418,102,Night Training/8,21234,2,1690860672278,1690860656475
419,102,Night Training/8,21234,1,1690860672552,1690860656475
420,102,Night Training/8,21234,2,1690860672961,1690860656475
421,102,Night Training/8,21234,4,1690860673920,1690860656475
422,102,Night Training/8,21234,2,1690860674512,1690860656475
423,102,Night Training/8,21234,1,1690860674703,1690860656475
424,102,Night Training/8,21234,2,1690860675044,1690860656475
425,102,Night Training/8,21234,3,1690860675320,1690860656475
426,102,Night Training/8,21234,4,1690860675611,1690860656475
427,102,Night Training/8,21234,2,1690860676394,1690860656475
428,102,Night Training/8,21234,1,1690860676702,1690860656475
429,102,Night Training/8,21234,2,1690860677011,1690860656475
430,102,Night Training/8,21234,3,1690860677393,1690860656475
431,102,Night Training/8,21234,4,1690860677677,1690860656475
432,102,Night Training/8,21234,2,1690860678219,1690860656475
433,102,Night Training/8,21234,1,1690860678612,1690860656475
434,102,Night Training/8,21234,2,1690860679053,1690860656475
435,102,Night Training/8,21234,3,1690860679461,1690860656475
436,102,Night Training/8,21234,4,1690860679760,1690860656475
437,102,Night Training/8,21234,2,1690860680386,1690860656475
438,102,Night Training/8,21234,1,1690860680685,1690860656475
439,102,Night Training/8,21234,2,1690860680968,1690860656475
440,102,Night Training/8,21234,3,1690860681285,1690860656475
441,102,Night Training/8,21234,4,1690860681534,1690860656475
442,102,Night Training/8,21234,2,1690860682469,1690860656475
443,102,Night Training/8,21234,1,1690860682736,1690860656475
444,102,Night Training/8,21234,2,1690860683019,1690860656475
445,102,Night Training/8,21234,3,1690860683318,1690860656475
446,102,Night Training/8,21234,4,1690860683594,1690860656475
447,102,Night Training/8,21234,2,1690860684494,1690860656475
448,102,Night Training/8,21234,1,1690860684811,1690860656475
449,102,Night Training/8,21234,2,1690860685102,1690860656475
450,102,Night Training/8,21234,3,1690860685519,1690860656475
451,102,Night Training/8,21234,4,1690860685860,1690860656475
452,102,Night Training/9,21234,2,1690860718008,1690860716023
453,102,Night Training/9,21234,1,1690860718308,1690860716023
454,102,Night Training/9,21234,2,1690860718610,1690860716023
455,102,Night Training/9,21234,3,1690860718916,1690860716023
456,102,Night Training/9,21234,4,1690860719166,1690860716023
457,102,Night Training/9,21234,2,1690860719608,1690860716023
458,102,Night Training/9,21234,1,1690860719874,1690860716023
459,102,Night Training/9,21234,2,1690860720149,1690860716023
460,102,Night Training/9,21234,3,1690860720441,1690860716023
461,102,Night Training/9,21234,2,1690860721174,1690860716023
462,102,Night Training/9,21234,2,1690860721691,1690860716023
463,102,Night Training/9,21234,3,1690860721992,1690860716023
464,102,Night Training/9,21234,4,1690860722282,1690860716023
465,102,Night Training/9,21234,2,1690860722782,1690860716023
466,102,Night Training/9,21234,1,1690860723067,1690860716023
467,102,Night Training/9,21234,2,1690860723299,1690860716023
468,102,Night Training/9,21234,3,1690860723607,1690860716023
469,102,Night Training/9,21234,2,1690860724508,1690860716023
470,102,Night Training/9,21234,1,1690860724858,1690860716023
471,102,Night Training/9,21234,2,1690860725100,1690860716023
472,102,Night Training/9,21234,3,1690860725733,1690860716023
473,102,Night Training/9,21234,4,1690860726009,1690860716023
474,102,Night Training/9,21234,2,1690860726582,1690860716023
475,102,Night Training/9,21234,1,1690860726867,1690860716023
476,102,Night Training/9,21234,2,1690860727117,1690860716023
477,102,Night Training/9,21234,3,1690860727525,1690860716023
478,102,Night Training/9,21234,4,1690860727941,1690860716023
479,102,Night Training/9,21234,2,1690860728416,1690860716023
480,102,Night Training/9,21234,1,1690860728692,1690860716023
481,102,Night Training/9,21234,2,1690860728925,1690860716023
482,102,Night Training/9,21234,3,1690860729326,1690860716023
483,102,Night Training/9,21234,4,1690860729685,1690860716023
484,102,Night Training/9,21234,2,1690860730124,1690860716023
485,102,Night Training/9,21234,2,1690860731933,1690860716023
486,102,Night Training/9,21234,1,1690860732175,1690860716023
487,102,Night Training/9,21234,2,1690860732425,1690860716023
488,102,Night Training/9,21234,3,1690860732849,1690860716023
489,102,Night Training/9,21234,4,1690860733157,1690860716023
490,102,Night Training/9,21234,2,1690860733674,1690860716023
491,102,Night Training/9,21234,1,1690860733883,1690860716023
492,102,Night Training/9,21234,2,1690860734132,1690860716023
493,102,Night Training/9,21234,3,1690860734566,1690860716023
494,102,Night Training/9,21234,4,1690860734867,1690860716023
495,102,Night Training/9,21234,2,1690860735400,1690860716023
496,102,Night Training/9,21234,2,1690860735749,1690860716023
497,102,Night Training/9,21234,2,1690860736125,1690860716023
498,102,Night Training/9,21234,3,1690860736624,1690860716023
499,102,Night Training/9,21234,4,1690860737090,1690860716023
500,102,Night Training/9,21234,2,1690860737849,1690860716023
501,102,Night Training/9,21234,1,1690860738116,1690860716023
502,102,Night Training/9,21234,2,1690860738357,1690860716023
503,102,Night Training/9,21234,3,1690860738991,1690860716023
504,102,Night Training/9,21234,4,1690860739258,1690860716023
505,102,Night Training/9,21234,2,1690860739806,1690860716023
506,102,Night Training/9,21234,2,1690860740333,1690860716023
507,102,Night Training/9,21234,3,1690860740773,1690860716023
508,102,Night Training/9,21234,4,1690860741065,1690860716023
509,102,Night Training/9,21234,3,1690860741623,1690860716023
510,102,Night Training/9,21234,1,1690860741983,1690860716023
511,102,Night Training/9,21234,2,1690860742282,1690860716023
512,102,Night Training/9,21234,3,1690860742782,1690860716023
513,102,Night Training/9,21234,4,1690860743008,1690860716023
514,102,Night Training/9,21234,1,1690860743932,1690860716023
515,102,Night Training/9,21234,2,1690860744257,1690860716023
516,102,Night Training/9,21234,1,1690860744715,1690860716023
517,102,Night Training/9,21234,3,1690860745150,1690860716023
518,102,Night Training/9,21234,4,1690860745566,1690860716023
519,102,Night Training/9,21234,4,1690860746049,1690860716023
520,102,Night Training/10,21234,2,1690860777572,1690860775553
521,102,Night Training/10,21234,1,1690860777840,1690860775553
522,102,Night Training/10,21234,2,1690860778189,1690860775553
523,102,Night Training/10,21234,3,1690860778518,1690860775553
524,102,Night Training/10,21234,4,1690860778765,1690860775553
525,102,Night Training/10,21234,2,1690860779123,1690860775553
526,102,Night Training/10,21234,1,1690860779391,1690860775553
527,102,Night Training/10,21234,2,1690860779656,1690860775553
528,102,Night Training/10,21234,3,1690860780024,1690860775553
529,102,Night Training/10,21234,4,1690860780322,1690860775553
530,102,Night Training/10,21234,2,1690860780839,1690860775553
531,102,Night Training/10,21234,1,1690860781123,1690860775553
532,102,Night Training/10,21234,2,1690860781391,1690860775553
533,102,Night Training/10,21234,3,1690860781809,1690860775553
534,102,Night Training/10,21234,4,1690860782097,1690860775553
535,102,Night Training/10,21234,2,1690860782498,1690860775553
536,102,Night Training/10,21234,1,1690860782799,1690860775553
537,102,Night Training/10,21234,2,1690860783089,1690860775553
538,102,Night Training/10,21234,3,1690860783473,1690860775553
539,102,Night Training/10,21234,4,1690860783764,1690860775553
540,102,Night Training/10,21234,2,1690860784323,1690860775553
541,102,Night Training/10,21234,1,1690860784673,1690860775553
542,102,Night Training/10,21234,2,1690860785015,1690860775553
543,102,Night Training/10,21234,3,1690860785399,1690860775553
544,102,Night Training/10,21234,3,1690860785597,1690860775553
545,102,Night Training/10,21234,2,1690860787231,1690860775553
546,102,Night Training/10,21234,1,1690860787807,1690860775553
547,102,Night Training/10,21234,2,1690860788272,1690860775553
548,102,Night Training/10,21234,3,1690860788631,1690860775553
549,102,Night Training/10,21234,4,1690860788971,1690860775553
550,102,Night Training/10,21234,2,1690860789430,1690860775553
551,102,Night Training/10,21234,1,1690860789713,1690860775553
552,102,Night Training/10,21234,2,1690860789989,1690860775553
553,102,Night Training/10,21234,3,1690860790422,1690860775553
554,102,Night Training/10,21234,4,1690860790704,1690860775553
555,102,Night Training/10,21234,2,1690860791506,1690860775553
556,102,Night Training/10,21234,1,1690860791620,1690860775553
557,102,Night Training/10,21234,2,1690860792130,1690860775553
558,102,Night Training/10,21234,4,1690860792337,1690860775553
559,102,Night Training/10,21234,2,1690860793822,1690860775553
560,102,Night Training/10,21234,2,1690860795364,1690860775553
561,102,Night Training/10,21234,1,1690860795656,1690860775553
562,102,Night Training/10,21234,2,1690860796230,1690860775553
563,102,Night Training/10,21234,3,1690860796564,1690860775553
564,102,Night Training/10,21234,2,1690860797463,1690860775553
565,102,Night Training/10,21234,1,1690860797790,1690860775553
566,102,Night Training/10,21234,3,1690860798514,1690860775553
567,102,Night Training/10,21234,4,1690860798848,1690860775553
568,102,Night Training/10,21234,2,1690860799330,1690860775553
569,102,Night Training/10,21234,1,1690860799631,1690860775553
570,102,Night Training/10,21234,2,1690860799948,1690860775553
571,102,Night Training/10,21234,3,1690860800364,1690860775553
572,102,Night Training/10,21234,4,1690860800731,1690860775553
573,102,Night Training/10,21234,2,1690860801554,1690860775553
574,102,Night Training/10,21234,1,1690860802521,1690860775553
575,102,Night Training/10,21234,2,1690860802896,1690860775553
576,102,Night Training/10,21234,3,1690860803291,1690860775553
577,102,Night Training/10,21234,4,1690860803638,1690860775553
578,102,Night Training/10,21234,1,1690860804655,1690860775553
579,102,Night Training/10,21234,3,1690860805389,1690860775553
580,102,Night Training/11,21234,2,1690860836246,1690860835084
581,102,Night Training/11,21234,1,1690860836579,1690860835084
582,102,Night Training/11,21234,2,1690860836922,1690860835084
583,102,Night Training/11,21234,3,1690860837254,1690860835084
584,102,Night Training/11,21234,4,1690860837519,1690860835084
585,102,Night Training/11,21234,2,1690860837911,1690860835084
586,102,Night Training/11,21234,1,1690860838195,1690860835084
587,102,Night Training/11,21234,2,1690860838502,1690860835084
588,102,Night Training/11,21234,3,1690860838828,1690860835084
589,102,Night Training/11,21234,4,1690860839144,1690860835084
590,102,Night Training/11,21234,2,1690860839528,1690860835084
591,102,Night Training/11,21234,1,1690860839829,1690860835084
592,102,Night Training/11,21234,2,1690860840136,1690860835084
593,102,Night Training/11,21234,3,1690860840477,1690860835084
594,102,Night Training/11,21234,4,1690860840762,1690860835084
595,102,Night Training/11,21234,2,1690860841253,1690860835084
596,102,Night Training/11,21234,1,1690860841562,1690860835084
597,102,Night Training/11,21234,2,1690860841854,1690860835084
598,102,Night Training/11,21234,3,1690860842152,1690860835084
599,102,Night Training/11,21234,4,1690860842444,1690860835084
600,102,Night Training/11,21234,1,1690860843288,1690860835084
601,102,Night Training/11,21234,2,1690860843545,1690860835084
602,102,Night Training/11,21234,3,1690860843844,1690860835084
603,102,Night Training/11,21234,4,1690860844120,1690860835084
604,102,Night Training/11,21234,2,1690860844843,1690860835084
605,102,Night Training/11,21234,1,1690860845378,1690860835084
606,102,Night Training/11,21234,2,1690860845758,1690860835084
607,102,Night Training/11,21234,3,1690860846079,1690860835084
608,102,Night Training/11,21234,4,1690860846386,1690860835084
609,102,Night Training/11,21234,2,1690860846896,1690860835084
610,102,Night Training/11,21234,1,1690860847177,1690860835084
611,102,Night Training/11,21234,2,1690860847453,1690860835084
612,102,Night Training/11,21234,3,1690860847720,1690860835084
613,102,Night Training/11,21234,4,1690860848056,1690860835084
614,102,Night Training/11,21234,2,1690860848736,1690860835084
615,102,Night Training/11,21234,1,1690860849019,1690860835084
616,102,Night Training/11,21234,2,1690860849260,1690860835084
617,102,Night Training/11,21234,3,1690860849587,1690860835084
618,102,Night Training/11,21234,2,1690860850427,1690860835084
619,102,Night Training/11,21234,2,1690860851077,1690860835084
620,102,Night Training/11,21234,2,1690860851660,1690860835084
621,102,Night Training/11,21234,3,1690860852104,1690860835084
622,102,Night Training/11,21234,4,1690860852379,1690860835084
623,102,Night Training/11,21234,2,1690860852920,1690860835084
624,102,Night Training/11,21234,1,1690860853188,1690860835084
625,102,Night Training/11,21234,2,1690860853454,1690860835084
626,102,Night Training/11,21234,3,1690860853736,1690860835084
627,102,Night Training/11,21234,4,1690860854638,1690860835084
628,102,Night Training/11,21234,2,1690860855527,1690860835084
629,102,Night Training/11,21234,2,1690860856019,1690860835084
630,102,Night Training/11,21234,1,1690860856411,1690860835084
631,102,Night Training/11,21234,2,1690860856734,1690860835084
632,102,Night Training/11,21234,3,1690860857195,1690860835084
633,102,Night Training/11,21234,4,1690860857485,1690860835084
634,102,Night Training/11,21234,2,1690860857918,1690860835084
635,102,Night Training/11,21234,1,1690860858210,1690860835084
636,102,Night Training/11,21234,2,1690860858535,1690860835084
637,102,Night Training/11,21234,3,1690860859044,1690860835084
638,102,Night Training/11,21234,4,1690860859344,1690860835084
639,102,Night Training/11,21234,2,1690860859887,1690860835084
640,102,Night Training/11,21234,1,1690860860271,1690860835084
641,102,Night Training/11,21234,2,1690860860544,1690860835084
642,102,Night Training/11,21234,3,1690860860878,1690860835084
643,102,Night Training/11,21234,4,1690860861210,1690860835084
644,102,Night Training/11,21234,3,1690860862569,1690860835084
645,102,Night Training/11,21234,3,1690860863343,1690860835084
646,102,Night Training/11,21234,2,1690860864011,1690860835084
647,102,Night Training/11,21234,2,1690860864510,1690860835084
648,102,Night Training/11,21234,1,1690860864803,1690860835084
649,102,Night Training/11,21234,2,1690860865077,1690860835084
650,102,Night Training/12,21234,2,1690860896827,1690860894598
651,102,Night Training/12,21234,3,1690860897142,1690860894598
652,102,Night Training/12,21234,4,1690860897408,1690860894598
653,102,Night Training/12,21234,2,1690860897699,1690860894598
654,102,Night Training/12,21234,2,1690860898233,1690860894598
655,102,Night Training/12,21234,3,1690860898517,1690860894598
656,102,Night Training/12,21234,4,1690860898792,1690860894598
657,102,Night Training/12,21234,3,1690860899192,1690860894598
658,102,Night Training/12,21234,2,1690860899793,1690860894598
659,102,Night Training/12,21234,3,1690860900286,1690860894598
660,102,Night Training/12,21234,4,1690860900483,1690860894598
661,102,Night Training/12,21234,2,1690860900901,1690860894598
662,102,Night Training/12,21234,1,1690860901177,1690860894598
663,102,Night Training/12,21234,2,1690860901425,1690860894598
664,102,Night Training/12,21234,3,1690860901777,1690860894598
665,102,Night Training/12,21234,4,1690860902066,1690860894598
666,102,Night Training/12,21234,2,1690860903069,1690860894598
667,102,Night Training/12,21234,3,1690860903393,1690860894598
668,102,Night Training/12,21234,4,1690860903652,1690860894598
669,102,Night Training/12,21234,3,1690860905127,1690860894598
670,102,Night Training/12,21234,4,1690860905408,1690860894598
671,102,Night Training/12,21234,2,1690860905934,1690860894598
672,102,Night Training/12,21234,1,1690860906193,1690860894598
673,102,Night Training/12,21234,2,1690860906459,1690860894598
674,102,Night Training/12,21234,3,1690860906876,1690860894598
675,102,Night Training/12,21234,4,1690860907149,1690860894598
676,102,Night Training/12,21234,2,1690860907543,1690860894598
677,102,Night Training/12,21234,1,1690860907860,1690860894598
678,102,Night Training/12,21234,2,1690860908126,1690860894598
679,102,Night Training/12,21234,3,1690860908502,1690860894598
680,102,Night Training/12,21234,4,1690860908766,1690860894598
681,102,Night Training/12,21234,2,1690860909237,1690860894598
682,102,Night Training/12,21234,1,1690860909516,1690860894598
683,102,Night Training/12,21234,2,1690860909749,1690860894598
684,102,Night Training/12,21234,3,1690860910384,1690860894598
685,102,Night Training/12,21234,4,1690860910634,1690860894598
686,102,Night Training/12,21234,2,1690860911135,1690860894598
687,102,Night Training/12,21234,1,1690860911500,1690860894598
688,102,Night Training/12,21234,1,1690860911665,1690860894598
689,102,Night Training/12,21234,3,1690860912217,1690860894598
690,102,Night Training/12,21234,4,1690860912434,1690860894598
691,102,Night Training/12,21234,2,1690860912902,1690860894598
692,102,Night Training/12,21234,1,1690860913192,1690860894598
693,102,Night Training/12,21234,3,1690860913800,1690860894598
694,102,Night Training/12,21234,4,1690860914216,1690860894598
695,102,Night Training/12,21234,2,1690860915299,1690860894598
696,102,Night Training/12,21234,1,1690860915608,1690860894598
697,102,Night Training/12,21234,2,1690860915833,1690860894598
698,102,Night Training/12,21234,3,1690860916167,1690860894598
699,102,Night Training/12,21234,4,1690860916458,1690860894598
700,102,Night Training/12,21234,2,1690860916834,1690860894598
701,102,Night Training/12,21234,1,1690860917100,1690860894598
702,102,Night Training/12,21234,2,1690860917332,1690860894598
703,102,Night Training/12,21234,2,1690860917675,1690860894598
704,102,Night Training/12,21234,3,1690860917940,1690860894598
705,102,Night Training/12,21234,4,1690860918218,1690860894598
706,102,Night Training/12,21234,2,1690860918807,1690860894598
707,102,Night Training/12,21234,1,1690860919125,1690860894598
708,102,Night Training/12,21234,2,1690860919384,1690860894598
709,102,Night Training/12,21234,3,1690860919768,1690860894598
710,102,Night Training/12,21234,4,1690860920108,1690860894598
711,102,Night Training/12,21234,2,1690860920641,1690860894598
712,102,Night Training/12,21234,1,1690860920975,1690860894598
713,102,Night Training/12,21234,2,1690860921274,1690860894598
714,102,Night Training/12,21234,3,1690860921692,1690860894598
715,102,Night Training/12,21234,2,1690860922349,1690860894598
716,102,Night Training/12,21234,3,1690860923401,1690860894598
717,102,Night Training/12,21234,4,1690860923692,1690860894598
718,102,Night Training/12,21234,2,1690860924191,1690860894598
